{
  "timestamp": "2026-01-19T21:13:30.885333",
  "num_rounds": 99,
  "realism_score": 89.42887161267849,
  "attack_win_rate": 0.47474747474747475,
  "trade_rate": 0.21379310344827587,
  "plant_rate": 0.5454545454545454,
  "avg_abilities": 7.393939393939394,
  "info_kill_rate": 1.0,
  "map_stats": {
    "ascent": {
      "rounds": 9,
      "attack_wins": 5,
      "defense_wins": 4,
      "attack_win_rate": 0.5555555555555556,
      "avg_duration_ms": 35399.11111111111,
      "avg_kills": 6.666666666666667,
      "plant_rate": 0.5555555555555556,
      "trade_rate": 0.35
    },
    "bind": {
      "rounds": 9,
      "attack_wins": 3,
      "defense_wins": 6,
      "attack_win_rate": 0.3333333333333333,
      "avg_duration_ms": 57884.444444444445,
      "avg_kills": 5.555555555555555,
      "plant_rate": 0.4444444444444444,
      "trade_rate": 0.22
    },
    "split": {
      "rounds": 9,
      "attack_wins": 3,
      "defense_wins": 6,
      "attack_win_rate": 0.3333333333333333,
      "avg_duration_ms": 83953.77777777778,
      "avg_kills": 7.333333333333333,
      "plant_rate": 0.1111111111111111,
      "trade_rate": 0.19696969696969696
    },
    "icebox": {
      "rounds": 9,
      "attack_wins": 7,
      "defense_wins": 2,
      "attack_win_rate": 0.7777777777777778,
      "avg_duration_ms": 66119.11111111111,
      "avg_kills": 3.888888888888889,
      "plant_rate": 0.7777777777777778,
      "trade_rate": 0.08571428571428572
    },
    "breeze": {
      "rounds": 9,
      "attack_wins": 7,
      "defense_wins": 2,
      "attack_win_rate": 0.7777777777777778,
      "avg_duration_ms": 83356.44444444444,
      "avg_kills": 4.888888888888889,
      "plant_rate": 0.7777777777777778,
      "trade_rate": 0.09090909090909091
    },
    "haven": {
      "rounds": 9,
      "attack_wins": 4,
      "defense_wins": 5,
      "attack_win_rate": 0.4444444444444444,
      "avg_duration_ms": 44842.666666666664,
      "avg_kills": 6.777777777777778,
      "plant_rate": 0.6666666666666666,
      "trade_rate": 0.2786885245901639
    },
    "lotus": {
      "rounds": 9,
      "attack_wins": 2,
      "defense_wins": 7,
      "attack_win_rate": 0.2222222222222222,
      "avg_duration_ms": 34119.11111111111,
      "avg_kills": 7.0,
      "plant_rate": 0.5555555555555556,
      "trade_rate": 0.2857142857142857
    },
    "pearl": {
      "rounds": 9,
      "attack_wins": 6,
      "defense_wins": 3,
      "attack_win_rate": 0.6666666666666666,
      "avg_duration_ms": 70542.22222222222,
      "avg_kills": 5.111111111111111,
      "plant_rate": 0.8888888888888888,
      "trade_rate": 0.06521739130434782
    },
    "sunset": {
      "rounds": 9,
      "attack_wins": 5,
      "defense_wins": 4,
      "attack_win_rate": 0.5555555555555556,
      "avg_duration_ms": 64910.22222222222,
      "avg_kills": 5.444444444444445,
      "plant_rate": 0.6666666666666666,
      "trade_rate": 0.16326530612244897
    },
    "fracture": {
      "rounds": 9,
      "attack_wins": 0,
      "defense_wins": 9,
      "attack_win_rate": 0.0,
      "avg_duration_ms": 90851.55555555556,
      "avg_kills": 5.888888888888889,
      "plant_rate": 0.0,
      "trade_rate": 0.20754716981132076
    },
    "abyss": {
      "rounds": 9,
      "attack_wins": 5,
      "defense_wins": 4,
      "attack_win_rate": 0.5555555555555556,
      "avg_duration_ms": 67712.0,
      "avg_kills": 5.888888888888889,
      "plant_rate": 0.5555555555555556,
      "trade_rate": 0.2830188679245283
    }
  }
}