{
  "timestamp": "2026-01-19T21:42:31.668352",
  "accuracy": 71.42857142857143,
  "version": "v4",
  "key_changes": [
    "weapon_advantage_not_capped",
    "shield_advantage_added",
    "retake_utility_increased",
    "defuse_pressure_increased",
    "post_plant_anxiety_increased"
  ],
  "results": {
    "attack_execute_fast": {
      "attack_win_rate": 0.673469387755102,
      "plant_rate": 0.6020408163265306,
      "avg_duration_ms": 45477.87755102041,
      "avg_kills": 6.255102040816326,
      "total_rounds": 98
    },
    "attack_execute_slow": {
      "attack_win_rate": 0.35714285714285715,
      "plant_rate": 0.5816326530612245,
      "avg_duration_ms": 57290.448979591834,
      "avg_kills": 4.979591836734694,
      "total_rounds": 98
    },
    "post_plant_defense": {
      "attack_win_rate": 0.7755102040816326,
      "plant_rate": 1.0,
      "avg_duration_ms": 29214.04081632653,
      "avg_kills": 5.673469387755102,
      "total_rounds": 98
    },
    "retake": {
      "attack_win_rate": 0.24489795918367346,
      "plant_rate": 1.0,
      "avg_duration_ms": 24555.102040816328,
      "avg_kills": 5.724489795918367,
      "total_rounds": 98
    },
    "mid_control": {
      "attack_win_rate": 0.6020408163265306,
      "plant_rate": 0.5408163265306123,
      "avg_duration_ms": 50778.12244897959,
      "avg_kills": 6.010204081632653,
      "total_rounds": 98
    },
    "defender_aggression": {
      "attack_win_rate": 0.5918367346938775,
      "plant_rate": 0.6428571428571429,
      "avg_duration_ms": 48680.489795918365,
      "avg_kills": 5.979591836734694,
      "total_rounds": 98
    },
    "eco_vs_full": {
      "attack_win_rate": 0.10204081632653061,
      "plant_rate": 0.24489795918367346,
      "avg_duration_ms": 32344.816326530614,
      "avg_kills": 5.857142857142857,
      "total_rounds": 98
    },
    "full_vs_eco": {
      "attack_win_rate": 0.8673469387755102,
      "plant_rate": 0.7551020408163265,
      "avg_duration_ms": 53643.755102040814,
      "avg_kills": 5.36734693877551,
      "total_rounds": 98
    },
    "clutch_1v1": {
      "attack_win_rate": 0.336734693877551,
      "plant_rate": 0.37755102040816324,
      "avg_duration_ms": 16374.857142857143,
      "avg_kills": 0.7346938775510204,
      "total_rounds": 98
    },
    "clutch_1v2": {
      "attack_win_rate": 0.05102040816326531,
      "plant_rate": 0.5204081632653061,
      "avg_duration_ms": 20349.38775510204,
      "avg_kills": 1.0,
      "total_rounds": 98
    },
    "clutch_2v1": {
      "attack_win_rate": 0.673469387755102,
      "plant_rate": 0.2857142857142857,
      "avg_duration_ms": 15328.65306122449,
      "avg_kills": 1.1224489795918366,
      "total_rounds": 98
    },
    "man_advantage_4v5": {
      "attack_win_rate": 0.40816326530612246,
      "plant_rate": 0.5102040816326531,
      "avg_duration_ms": 45251.91836734694,
      "avg_kills": 5.112244897959184,
      "total_rounds": 98
    },
    "man_advantage_5v4": {
      "attack_win_rate": 0.6632653061224489,
      "plant_rate": 0.6326530612244898,
      "avg_duration_ms": 48497.63265306123,
      "avg_kills": 4.989795918367347,
      "total_rounds": 98
    },
    "man_advantage_3v5": {
      "attack_win_rate": 0.2755102040816326,
      "plant_rate": 0.47959183673469385,
      "avg_duration_ms": 37561.4693877551,
      "avg_kills": 4.1020408163265305,
      "total_rounds": 98
    }
  }
}