{
  "timestamp": "2026-01-19T21:58:23.077266",
  "accuracy": 64.28571428571429,
  "version": "v5_ttk_based",
  "key_changes": [
    "ttk_based_combat",
    "no_weapon_advantage_multiplier",
    "positioning_affects_timing",
    "role_based_headshot_rates"
  ],
  "results": {
    "attack_execute_fast": {
      "attack_win_rate": 0.5306122448979592,
      "plant_rate": 0.5714285714285714,
      "avg_duration_ms": 55102.69387755102,
      "avg_kills": 6.591836734693878,
      "total_rounds": 49
    },
    "attack_execute_slow": {
      "attack_win_rate": 0.3673469387755102,
      "plant_rate": 0.5918367346938775,
      "avg_duration_ms": 55188.897959183676,
      "avg_kills": 5.755102040816326,
      "total_rounds": 49
    },
    "post_plant_defense": {
      "attack_win_rate": 0.8367346938775511,
      "plant_rate": 1.0,
      "avg_duration_ms": 26741.551020408162,
      "avg_kills": 6.224489795918367,
      "total_rounds": 49
    },
    "retake": {
      "attack_win_rate": 0.3877551020408163,
      "plant_rate": 1.0,
      "avg_duration_ms": 24048.326530612245,
      "avg_kills": 6.244897959183674,
      "total_rounds": 49
    },
    "mid_control": {
      "attack_win_rate": 0.5714285714285714,
      "plant_rate": 0.6326530612244898,
      "avg_duration_ms": 55690.448979591834,
      "avg_kills": 6.244897959183674,
      "total_rounds": 49
    },
    "defender_aggression": {
      "attack_win_rate": 0.6122448979591837,
      "plant_rate": 0.6122448979591837,
      "avg_duration_ms": 52882.28571428572,
      "avg_kills": 6.122448979591836,
      "total_rounds": 49
    },
    "eco_vs_full": {
      "attack_win_rate": 0.2653061224489796,
      "plant_rate": 0.30612244897959184,
      "avg_duration_ms": 34797.71428571428,
      "avg_kills": 6.26530612244898,
      "total_rounds": 49
    },
    "full_vs_eco": {
      "attack_win_rate": 0.7346938775510204,
      "plant_rate": 0.6326530612244898,
      "avg_duration_ms": 54491.42857142857,
      "avg_kills": 6.061224489795919,
      "total_rounds": 49
    },
    "clutch_1v1": {
      "attack_win_rate": 0.3877551020408163,
      "plant_rate": 0.30612244897959184,
      "avg_duration_ms": 16193.30612244898,
      "avg_kills": 0.7551020408163265,
      "total_rounds": 49
    },
    "clutch_1v2": {
      "attack_win_rate": 0.16326530612244897,
      "plant_rate": 0.5510204081632653,
      "avg_duration_ms": 19678.04081632653,
      "avg_kills": 1.0612244897959184,
      "total_rounds": 49
    },
    "clutch_2v1": {
      "attack_win_rate": 0.5918367346938775,
      "plant_rate": 0.20408163265306123,
      "avg_duration_ms": 14915.918367346938,
      "avg_kills": 1.4081632653061225,
      "total_rounds": 49
    },
    "man_advantage_4v5": {
      "attack_win_rate": 0.5918367346938775,
      "plant_rate": 0.5918367346938775,
      "avg_duration_ms": 54723.91836734694,
      "avg_kills": 5.530612244897959,
      "total_rounds": 49
    },
    "man_advantage_5v4": {
      "attack_win_rate": 0.673469387755102,
      "plant_rate": 0.6530612244897959,
      "avg_duration_ms": 57981.38775510204,
      "avg_kills": 5.551020408163265,
      "total_rounds": 49
    },
    "man_advantage_3v5": {
      "attack_win_rate": 0.32653061224489793,
      "plant_rate": 0.42857142857142855,
      "avg_duration_ms": 40826.77551020408,
      "avg_kills": 4.530612244897959,
      "total_rounds": 49
    }
  }
}