{
  "timestamp": "2026-01-20T01:17:53.220325",
  "accuracy": 78.57142857142857,
  "version": "v6_ttk_trade_integrated",
  "key_changes": [
    "ttk_based_combat",
    "trade_system_integrated",
    "man_advantage_from_trades",
    "no_hardcoded_bonuses"
  ],
  "parameters": {
    "trade_window_ms": 1700,
    "max_trade_distance": 0.15,
    "trade_prob_under_1s": 0.7,
    "trade_prob_1_to_2s": 0.5
  },
  "results": {
    "attack_execute_fast": {
      "attack_win_rate": 0.6938775510204082,
      "plant_rate": 0.6428571428571429,
      "avg_duration_ms": 50657.95918367347,
      "avg_kills": 6.346938775510204,
      "avg_trades": 0.5,
      "total_rounds": 98
    },
    "attack_execute_slow": {
      "attack_win_rate": 0.3877551020408163,
      "plant_rate": 0.5918367346938775,
      "avg_duration_ms": 58738.93877551021,
      "avg_kills": 5.469387755102041,
      "avg_trades": 0.25510204081632654,
      "total_rounds": 98
    },
    "post_plant_defense": {
      "attack_win_rate": 0.5408163265306123,
      "plant_rate": 1.0,
      "avg_duration_ms": 11803.42857142857,
      "avg_kills": 7.591836734693878,
      "avg_trades": 1.336734693877551,
      "total_rounds": 98
    },
    "retake": {
      "attack_win_rate": 0.4897959183673469,
      "plant_rate": 1.0,
      "avg_duration_ms": 11986.285714285714,
      "avg_kills": 7.561224489795919,
      "avg_trades": 1.316326530612245,
      "total_rounds": 98
    },
    "mid_control": {
      "attack_win_rate": 0.5918367346938775,
      "plant_rate": 0.5714285714285714,
      "avg_duration_ms": 53867.102040816324,
      "avg_kills": 6.571428571428571,
      "avg_trades": 0.3163265306122449,
      "total_rounds": 98
    },
    "defender_aggression": {
      "attack_win_rate": 0.6530612244897959,
      "plant_rate": 0.6428571428571429,
      "avg_duration_ms": 52608.0,
      "avg_kills": 6.479591836734694,
      "avg_trades": 0.3979591836734694,
      "total_rounds": 98
    },
    "eco_vs_full": {
      "attack_win_rate": 0.08163265306122448,
      "plant_rate": 0.29591836734693877,
      "avg_duration_ms": 31629.061224489797,
      "avg_kills": 5.959183673469388,
      "avg_trades": 0.2857142857142857,
      "total_rounds": 98
    },
    "full_vs_eco": {
      "attack_win_rate": 0.8979591836734694,
      "plant_rate": 0.7653061224489796,
      "avg_duration_ms": 55232.0,
      "avg_kills": 5.357142857142857,
      "avg_trades": 0.20408163265306123,
      "total_rounds": 98
    },
    "clutch_1v1": {
      "attack_win_rate": 0.3673469387755102,
      "plant_rate": 0.3673469387755102,
      "avg_duration_ms": 16278.204081632653,
      "avg_kills": 0.7653061224489796,
      "avg_trades": 0.0,
      "total_rounds": 98
    },
    "clutch_1v2": {
      "attack_win_rate": 0.10204081632653061,
      "plant_rate": 0.42857142857142855,
      "avg_duration_ms": 19658.448979591838,
      "avg_kills": 1.030612244897959,
      "avg_trades": 0.02040816326530612,
      "total_rounds": 98
    },
    "clutch_2v1": {
      "attack_win_rate": 0.6836734693877551,
      "plant_rate": 0.2653061224489796,
      "avg_duration_ms": 14998.204081632653,
      "avg_kills": 1.2040816326530612,
      "avg_trades": 0.05102040816326531,
      "total_rounds": 98
    },
    "man_advantage_4v5": {
      "attack_win_rate": 0.46938775510204084,
      "plant_rate": 0.5408163265306123,
      "avg_duration_ms": 52150.857142857145,
      "avg_kills": 5.673469387755102,
      "avg_trades": 0.2857142857142857,
      "total_rounds": 98
    },
    "man_advantage_5v4": {
      "attack_win_rate": 0.7346938775510204,
      "plant_rate": 0.673469387755102,
      "avg_duration_ms": 51335.836734693876,
      "avg_kills": 5.653061224489796,
      "avg_trades": 0.3163265306122449,
      "total_rounds": 98
    },
    "man_advantage_3v5": {
      "attack_win_rate": 0.3877551020408163,
      "plant_rate": 0.5,
      "avg_duration_ms": 45088.65306122449,
      "avg_kills": 4.724489795918367,
      "avg_trades": 0.23469387755102042,
      "total_rounds": 98
    }
  }
}