{
  "timestamp": "2026-01-19T21:29:41.465446",
  "results": {
    "attack_execute_fast": {
      "attack_win_rate": 0.6904761904761905,
      "plant_rate": 0.6666666666666666,
      "avg_duration_ms": 45427.80952380953,
      "avg_kills": 6.0476190476190474,
      "total_rounds": 42
    },
    "attack_execute_slow": {
      "attack_win_rate": 0.2857142857142857,
      "plant_rate": 0.42857142857142855,
      "avg_duration_ms": 51489.52380952381,
      "avg_kills": 5.357142857142857,
      "total_rounds": 42
    },
    "post_plant_defense": {
      "attack_win_rate": 0.8571428571428571,
      "plant_rate": 1.0,
      "avg_duration_ms": 37232.76190476191,
      "avg_kills": 4.5,
      "total_rounds": 42
    },
    "retake": {
      "attack_win_rate": 0.11904761904761904,
      "plant_rate": 1.0,
      "avg_duration_ms": 26947.04761904762,
      "avg_kills": 5.595238095238095,
      "total_rounds": 42
    },
    "mid_control": {
      "attack_win_rate": 0.5952380952380952,
      "plant_rate": 0.5238095238095238,
      "avg_duration_ms": 50876.95238095238,
      "avg_kills": 5.714285714285714,
      "total_rounds": 42
    },
    "defender_aggression": {
      "attack_win_rate": 0.5476190476190477,
      "plant_rate": 0.5476190476190477,
      "avg_duration_ms": 52531.80952380953,
      "avg_kills": 5.976190476190476,
      "total_rounds": 42
    },
    "eco_vs_full": {
      "attack_win_rate": 0.09523809523809523,
      "plant_rate": 0.30952380952380953,
      "avg_duration_ms": 30058.666666666668,
      "avg_kills": 5.666666666666667,
      "total_rounds": 42
    },
    "full_vs_eco": {
      "attack_win_rate": 0.9285714285714286,
      "plant_rate": 0.7857142857142857,
      "avg_duration_ms": 54040.380952380954,
      "avg_kills": 5.238095238095238,
      "total_rounds": 42
    },
    "clutch_1v1": {
      "attack_win_rate": 0.4523809523809524,
      "plant_rate": 0.2857142857142857,
      "avg_duration_ms": 15137.52380952381,
      "avg_kills": 0.8095238095238095,
      "total_rounds": 42
    },
    "clutch_1v2": {
      "attack_win_rate": 0.11904761904761904,
      "plant_rate": 0.6190476190476191,
      "avg_duration_ms": 22567.619047619046,
      "avg_kills": 0.9523809523809523,
      "total_rounds": 42
    },
    "clutch_2v1": {
      "attack_win_rate": 0.5714285714285714,
      "plant_rate": 0.2619047619047619,
      "avg_duration_ms": 14665.142857142857,
      "avg_kills": 1.2857142857142858,
      "total_rounds": 42
    },
    "man_advantage_4v5": {
      "attack_win_rate": 0.47619047619047616,
      "plant_rate": 0.4523809523809524,
      "avg_duration_ms": 45955.04761904762,
      "avg_kills": 5.261904761904762,
      "total_rounds": 42
    },
    "man_advantage_5v4": {
      "attack_win_rate": 0.8095238095238095,
      "plant_rate": 0.6904761904761905,
      "avg_duration_ms": 53312.0,
      "avg_kills": 4.9523809523809526,
      "total_rounds": 42
    },
    "man_advantage_3v5": {
      "attack_win_rate": 0.2619047619047619,
      "plant_rate": 0.47619047619047616,
      "avg_duration_ms": 37653.333333333336,
      "avg_kills": 4.333333333333333,
      "total_rounds": 42
    }
  }
}